Título,Ano,Nota IMDb,Link,Gêneros,Sinopse,Elenco Principal
Um Sonho de Liberdade,1994,9.3,https://www.imdb.com/pt/title/tt0111161/?ref_=chttp_i_1,N/A,"Dois homens presos se reúnem ao longo de vários anos, encontrando consolo e eventual redenção através de atos de decência comum.","Tim Robbins, Morgan Freeman, Bob Gunton"
O Poderoso Chefão,1972,9.2,https://www.imdb.com/pt/title/tt0068646/?ref_=chttp_i_2,N/A,O patriarca idoso de uma dinastia do crime organizado transfere o controle de seu império clandestino para seu filho relutante.,"Marlon Brando, Al Pacino, James Caan"
Batman: O Cavaleiro das Trevas,2008,9.1,https://www.imdb.com/pt/title/tt0468569/?ref_=chttp_i_3,N/A,"Agora com a ajuda do tenente Jim Gordon e do promotor público Harvey Dent, Batman tem tudo para banir o crime de Gotham City de uma vez por todas. Mas em breve, os três serão vítimas do Coringa, que pretende lançar Gotham em uma anarquia.","Christian Bale, Heath Ledger, Aaron Eckhart"
O Poderoso Chefão: Parte II,1974,9.0,https://www.imdb.com/pt/title/tt0071562/?ref_=chttp_i_4,N/A,"O início da vida e da carreira de Vito Corleone na década de 1920 em Nova York, enquanto seu filho, Michael, expande e fortalece seu controle sobre o sindicato do crime.","Al Pacino, Robert De Niro, Robert Duvall"
12 Homens e uma Sentença,1957,9.0,https://www.imdb.com/pt/title/tt0050083/?ref_=chttp_i_5,N/A,"O julgamento de um assassinato em Nova Iorque é frustrado por um único membro, cujo ceticismo força o júri a considerar cuidadosamente as evidências antes de dar o veredito.","Henry Fonda, Lee J. Cobb, Martin Balsam"
O Senhor dos Anéis: O Retorno do Rei,2003,9.0,https://www.imdb.com/pt/title/tt0167260/?ref_=chttp_i_6,N/A,Gandalf e Aragorn lideram o Mundo dos Homens contra o exército de Sauron para desviar o olhar de Frodo e Sam quando eles se aproximam á Montanha da Perdição com o Um Anel.,"Elijah Wood, Viggo Mortensen, Ian McKellen"
A Lista de Schindler,1993,9.0,https://www.imdb.com/pt/title/tt0108052/?ref_=chttp_i_7,N/A,"Na Polônia ocupada pelos alemães durante a Segunda Guerra Mundial, o industrial Oskar Schindler começa a se preocupar com seus trabalhadores judeus depois de testemunhar sua perseguição pelos nazistas.","Liam Neeson, Ralph Fiennes, Ben Kingsley"
Pulp Fiction: Tempo de Violência,1994,8.8,https://www.imdb.com/pt/title/tt0110912/?ref_=chttp_i_8,N/A,"As vidas de dois assassinos da máfia, um boxeador, um gângster e sua esposa, e um par de bandidos se entrelaçam em quatro histórias de violência e redenção.","John Travolta, Uma Thurman, Samuel L. Jackson"
O Senhor dos Anéis: A Sociedade do Anel,2001,8.9,https://www.imdb.com/pt/title/tt0120737/?ref_=chttp_i_9,N/A,Um manso hobbit do Condado e oito companheiros partem em uma jornada para destruir o poderoso Um Anel e salvar a Terra-média das Trevas.,"Elijah Wood, Ian McKellen, Orlando Bloom"
Três Homens em Conflito,1966,8.8,https://www.imdb.com/pt/title/tt0060196/?ref_=chttp_i_10,N/A,Um impostor se junta com dois homens para encontrar fortuna num remoto cemitério.,"Clint Eastwood, Eli Wallach, Lee Van Cleef"
Forrest Gump: O Contador de Histórias,1994,8.8,https://www.imdb.com/pt/title/tt0109830/?ref_=chttp_i_11,N/A,"Os governos dos presidentes Kennedy e Johnson, os eventos do Vietnã e Watergate e outras histórias são mostradas através da perspectiva de um homem do Alabama com baixo quociente intelectual.","Tom Hanks, Robin Wright, Gary Sinise"
O Senhor dos Anéis: As Duas Torres,2002,8.8,https://www.imdb.com/pt/title/tt0167261/?ref_=chttp_i_12,N/A,"Enquanto Frodo e Sam estão perto de Mordor com a ajuda de Gollum, a divida comunhão luta contra Saruman e os Isengards.","Elijah Wood, Ian McKellen, Viggo Mortensen"
Clube da Luta,1999,8.8,https://www.imdb.com/pt/title/tt0137523/?ref_=chttp_i_13,N/A,Um trabalhador de escritório e um fabricante de sabonetes formam um clube de luta clandestino que evolui para algo muito maior.,"Brad Pitt, Edward Norton, Meat Loaf"
A Origem,2010,8.8,https://www.imdb.com/pt/title/tt1375666/?ref_=chttp_i_14,N/A,Um ladrão que rouba segredos corporativos através da tecnologia de entrar no subconsciente recebe a tarefa inversa de plantar uma idéia na mente do diretor de uma grande empresa.,"Leonardo DiCaprio, Joseph Gordon-Levitt, Elliot Page"
Star Wars: Episódio V - O Império Contra-Ataca,1980,8.7,https://www.imdb.com/pt/title/tt0080684/?ref_=chttp_i_15,N/A,"Depois que a Aliança Rebelde é dominada pelo Império, Luke Skywalker começa seu treinamento Jedi com Yoda, enquanto seus amigos são perseguidos por toda a galáxia por Darth Vader e pelo caçador de recompensas Boba Fett.","Mark Hamill, Harrison Ford, Carrie Fisher"
Matrix,1999,8.7,https://www.imdb.com/pt/title/tt0133093/?ref_=chttp_i_16,N/A,Um hacker aprende com os misteriosos rebeldes sobre a verdadeira natureza de sua realidade e seu papel na guerra contra seus controladores.,"Keanu Reeves, Laurence Fishburne, Carrie-Anne Moss"
Os Bons Companheiros,1990,8.7,https://www.imdb.com/pt/title/tt0099685/?ref_=chttp_i_17,N/A,"A historia do Henry Hill e sua vida na máfia, sua relação com sua esposa Karen Hill e seus colegas da máfia Jimmy Conway e Tommy DeVito no sindicato italo-americano do crime.","Robert De Niro, Ray Liotta, Joe Pesci"
Interestelar,2014,8.7,https://www.imdb.com/pt/title/tt0816692/?ref_=chttp_i_18,N/A,"Uma equipe de exploradores viaja através de um buraco de minhoca no espaço, na tentativa de garantir a sobrevivência da humanidade.","Matthew McConaughey, Anne Hathaway, Jessica Chastain"
Um Estranho no Ninho,1975,8.7,https://www.imdb.com/pt/title/tt0073486/?ref_=chttp_i_19,N/A,"Um criminoso alega insanidade para ser enviado a um centro de saúde mental, onde se rebela contra a opressiva enfermeira e mobiliza os pacientes a quem ela atemoriza.","Jack Nicholson, Louise Fletcher, Michael Berryman"
Seven - Os Sete Crimes Capitais,1995,8.6,https://www.imdb.com/pt/title/tt0114369/?ref_=chttp_i_20,N/A,"Dois detetives, um novato e um veterano, perseguem um assassino em série que usa os sete pecados capitais como motivos.","Morgan Freeman, Brad Pitt, Kevin Spacey"
A Felicidade Não se Compra,1946,8.6,https://www.imdb.com/pt/title/tt0038650/?ref_=chttp_i_21,N/A,"Um anjo é enviado dos céus para ajudar um homem de negócios desesperado em sua frustração, e mostra a ele como seria a vida se nunca tivesse existido.","James Stewart, Donna Reed, Lionel Barrymore"
O Silêncio dos Inocentes,1991,8.6,https://www.imdb.com/pt/title/tt0102926/?ref_=chttp_i_22,N/A,"Uma jovem deve receber a ajuda de um assassino canibal manipulador e preso para ajudar a capturar outro assassino em série, um louco que ataca suas vítimas.","Jodie Foster, Anthony Hopkins, Scott Glenn"
Os Sete Samurais,1954,8.6,https://www.imdb.com/pt/title/tt0047478/?ref_=chttp_i_23,N/A,Uma aldeia pobre sob a ameaça de bandidos recruta sete samurais para ajudá-los a se defenderem.,"Toshirô Mifune, Takashi Shimura, Keiko Tsushima"
O Resgate do Soldado Ryan,1998,8.6,https://www.imdb.com/pt/title/tt0120815/?ref_=chttp_i_24,N/A,"Depois de chegar a Normandía, um grupo de soldados precisa encontrar o único irmão vivo de três que morreram na guerra.","Tom Hanks, Matt Damon, Tom Sizemore"
À Espera de um Milagre,1999,8.6,https://www.imdb.com/pt/title/tt0120689/?ref_=chttp_i_25,N/A,"As vidas dos guardas de corredor da morte são afetadas por um dos detidos: um homem afro-americano acusado pelo assassinato e estupro de uma criança, mas com um presente misterioso.","Tom Hanks, Michael Clarke Duncan, David Morse"
Cidade de Deus,2002,8.6,https://www.imdb.com/pt/title/tt0317248/?ref_=chttp_i_26,N/A,"Os caminhos de duas crianças divergem nas favelas do Rio, enquanto um se esforça para se tornar um fotógrafo e o outro um chefe do tráfico.","Alexandre Rodrigues, Leandro Firmino, Matheus Nachtergaele"
A Vida é Bela,1997,8.6,https://www.imdb.com/pt/title/tt0118799/?ref_=chttp_i_27,N/A,"Quando um bibliotecário judeu e seu filho se tornarem vítimas do Holocausto, ele usará uma mistura perfeita de vontade, humor e imaginação para proteger seu filho dos perigos do campo de concentração.","Roberto Benigni, Nicoletta Braschi, Giorgio Cantarini"
O Exterminador do Futuro 2: O Julgamento Final,1991,8.6,https://www.imdb.com/pt/title/tt0103064/?ref_=chttp_i_28,N/A,"Um ciborgue, idêntico ao que falhou em matar Sarah Connor, agora deve proteger o filho de dez anos dela, John, de um ciborgue ainda mais avançado e poderoso.","Arnold Schwarzenegger, Linda Hamilton, Edward Furlong"
Star Wars: Episódio IV - Uma Nova Esperança,1977,8.6,https://www.imdb.com/pt/title/tt0076759/?ref_=chttp_i_29,N/A,"Luke Skywalker une forças com um cavaleiro Jedi, um piloto arrogante, um Wookiee e dois andróides para salvar a galáxia da estação de batalha destruidora do Império, enquanto tenta resgatar a Princesa Leia do misterioso Darth Vader.","Mark Hamill, Harrison Ford, Carrie Fisher"
De Volta para o Futuro,1985,8.5,https://www.imdb.com/pt/title/tt0088763/?ref_=chttp_i_30,N/A,"Marty McFly viaja para 1955 com a máquina do tempo do cientista Dr. Brown. Ele deve garantir que seus pais se apaixonem, para não arriscar sua própria existência.","Michael J. Fox, Christopher Lloyd, Lea Thompson"
A Viagem de Chihiro,2001,8.6,https://www.imdb.com/pt/title/tt0245429/?ref_=chttp_i_31,N/A,"Uma garota é obrigada a mudar de cidade com seus pais contra a sua vontade. Durante a viagem, eles decidem pegar um atalho e se perdem, chegando a um estranho edifício, onde adentrarão um misterioso mundo de monstros e espíritos.","Daveigh Chase, Suzanne Pleshette, Miyu Irino"
O Pianista,2002,8.5,https://www.imdb.com/pt/title/tt0253474/?ref_=chttp_i_32,N/A,Um musico judeu luta para sobreviver a destruição de Varsóvia durante a segunda guerra mundial.,"Adrien Brody, Thomas Kretschmann, Frank Finlay"
Gladiador,2000,8.5,https://www.imdb.com/pt/title/tt0172495/?ref_=chttp_i_33,N/A,Um general romano planeja a melhor vingança contra o imperador corrupto que matou sua familia e o fez escravo.,"Russell Crowe, Joaquin Phoenix, Connie Nielsen"
Parasita,2019,8.5,https://www.imdb.com/pt/title/tt6751668/?ref_=chttp_i_34,N/A,"Desempregados, a família de Ki-taek (Song Kang-ho) nutre um interesse peculiar pela família Park até que eles se veem presos em um inesperado incidente.","Song Kang-ho, Lee Sun-kyun, Cho Yeo-jeong"
Psicose,1960,8.5,https://www.imdb.com/pt/title/tt0054215/?ref_=chttp_i_35,N/A,"Uma secretária de Phoenix desvia dinheiro de um cliente de sua empresa, foge e vai a um motel remoto gerido por um jovem sob o domínio da mãe.","Anthony Perkins, Janet Leigh, Vera Miles"
O Rei Leão,1994,8.5,https://www.imdb.com/pt/title/tt0110357/?ref_=chttp_i_36,N/A,Um pequeno lion é obrigado por seu tío a fugir de casa e anos depois se da conta da sua identidade e suas responsabilidades.,"Matthew Broderick, Jeremy Irons, James Earl Jones"
Túmulo dos Vagalumes,1988,8.5,https://www.imdb.com/pt/title/tt0095327/?ref_=chttp_i_37,N/A,Um menino e sua irmã tentam sobreviver no Japão durante a Segunda Guerra Mundial.,"Tsutomu Tatsumi, Ayano Shiraishi, Akemi Yamaguchi"
Os Infiltrados,2006,8.5,https://www.imdb.com/pt/title/tt0407887/?ref_=chttp_i_38,N/A,Um policial disfarçado e um espião estão tentando se identificar enquanto se infiltram em uma gangue irlandesa no sul de Boston.,"Leonardo DiCaprio, Matt Damon, Jack Nicholson"
Whiplash: Em Busca da Perfeição,2014,8.5,https://www.imdb.com/pt/title/tt2582802/?ref_=chttp_i_39,N/A,Um jovem e promissor baterista se matricula em um conservatório de música onde seus sonhos são guiados por um instrutor que não pára por nada para perceber o potencial de um aluno.,"Miles Teller, J.K. Simmons, Melissa Benoist"
Harakiri,1962,8.6,https://www.imdb.com/pt/title/tt0056058/?ref_=chttp_i_40,N/A,"Um velho samurai ronin chega à casa de um senhor feudal e pede um lugar honroso para cometer suicídio. Mas quando o ronin pede um samurai mais jovem que chegou antes, os eventos seguem um curso inesperado.","Tatsuya Nakadai, Akira Ishihama, Shima Iwashita"
O Grande Truque,2006,8.5,https://www.imdb.com/pt/title/tt0482571/?ref_=chttp_i_41,N/A,"Depois de um trágico acidente, dois magos do palco se engajam em uma batalha para criar a ilusão final enquanto sacrificam tudo o que têm para enganar um ao outro.","Christian Bale, Hugh Jackman, Scarlett Johansson"
A Outra História Americana,1998,8.5,https://www.imdb.com/pt/title/tt0120586/?ref_=chttp_i_42,N/A,Um neonazista tenta evitar que seu irmão mais novo tome o mesmo caminho errado que ele.,"Edward Norton, Edward Furlong, Beverly D'Angelo"
O Profissional,1994,8.5,https://www.imdb.com/pt/title/tt0110413/?ref_=chttp_i_43,N/A,"Mathilda, uma menina de 12 anos é levada por Léon, um assassino profissional, depois que sua família é assassinada. Léon e Mathilda formam uma relação incomum, desde que ela se torna sua protegida.","Jean Reno, Gary Oldman, Natalie Portman"
Homem-Aranha: Através do Aranhaverso,2023,8.5,https://www.imdb.com/pt/title/tt9362722/?ref_=chttp_i_44,N/A,"Viajando pelo multiverso, Miles Morales conhece um novo time de Pessoas-Aranha, formado por heróis de diversas dimensões. Mas quando os heróis entram em conflito sobre como lidar com uma nova ameaça, Miles se vê em um impasse.","Shameik Moore, Hailee Steinfeld, Brian Tyree Henry"
Casablanca,1942,8.5,https://www.imdb.com/pt/title/tt0034583/?ref_=chttp_i_45,N/A,O proprietário cético de uma boate protege um antigo amor e seu marido dos nazistas no Marrocos.,"Humphrey Bogart, Ingrid Bergman, Paul Henreid"
Cinema Paradiso,1988,8.5,https://www.imdb.com/pt/title/tt0095765/?ref_=chttp_i_46,N/A,"Um diretor de cinema lembra como, em sua infância, ele se apaixonou pelo cinema de sua cidade e iniciou uma profunda amizade com o projecionista.","Philippe Noiret, Enzo Cannavale, Antonella Attili"
Os Suspeitos,1995,8.5,https://www.imdb.com/pt/title/tt0114814/?ref_=chttp_i_47,N/A,"O único sobrevivente conta os torcidos eventos duma luta com pistolas num bote, quanfo cinco criminais eram levados pela polícia.","Kevin Spacey, Gabriel Byrne, Chazz Palminteri"
Intocáveis,2011,8.5,https://www.imdb.com/pt/title/tt1675434/?ref_=chttp_i_48,N/A,"Depois de ficar tetraplégico num acidente, um aristocrata contrata um jovem de um bairro pobre para cuidar dele.","François Cluzet, Omar Sy, Anne Le Ny"
Alien - O 8º Passageiro,1979,8.5,https://www.imdb.com/pt/title/tt0078748/?ref_=chttp_i_49,N/A,"Depois de investigar uma transmissão misteriosa de origem desconhecida, a tripulação de uma nave espacial comercial encontra uma forma de vida mortal.","Sigourney Weaver, Tom Skerritt, John Hurt"
Tempos Modernos,1936,8.5,https://www.imdb.com/pt/title/tt0027977/?ref_=chttp_i_50,N/A,Um vagabundo luta para viver na sociedade industrial moderna com a ajuda de uma jovem.,"Charles Chaplin, Paulette Goddard, Henry Bergman"
Janela Indiscreta,1954,8.5,https://www.imdb.com/pt/title/tt0047396/?ref_=chttp_i_51,N/A,Um fotógrafo em uma cadeira de rodas espiona seus vizinhos pela janela de seu apartamento e está convencido de que um deles cometeu um assassinato.,"James Stewart, Grace Kelly, Wendell Corey"
Django Livre,2012,8.5,https://www.imdb.com/pt/title/tt1853728/?ref_=chttp_i_52,N/A,"Com a ajuda de um caçador de recompensas alemão, um escravo libertado sai para resgatar sua esposa de um brutal dono de uma plantação no Mississipi.","Jamie Foxx, Christoph Waltz, Leonardo DiCaprio"
Era uma Vez no Oeste,1968,8.5,https://www.imdb.com/pt/title/tt0064116/?ref_=chttp_i_53,N/A,Um misterioso estranho se junta com um bandido para proteger a uma viúva.,"Henry Fonda, Charles Bronson, Claudia Cardinale"
Luzes da Cidade,1931,8.5,https://www.imdb.com/pt/title/tt0021749/?ref_=chttp_i_54,N/A,"Com a ajuda de um homem rico, bêbado e imprevisível, um vagabundo ingênuo que se apaixonou por uma florista cega tenta conseguir dinheiro para fornecer ajuda médica.","Charles Chaplin, Virginia Cherrill, Florence Lee"
Apocalypse Now,1979,8.4,https://www.imdb.com/pt/title/tt0078788/?ref_=chttp_i_55,N/A,Um oficial do exército dos Estados Unidos no Vietnã é encarregado de assassinar a um coronel que acredita ser um deus.,"Martin Sheen, Marlon Brando, Robert Duvall"
WALL·E,2008,8.4,https://www.imdb.com/pt/title/tt0910970/?ref_=chttp_i_56,N/A,"Num futuro distante, um pequeno robô faz uma viagem que decidirá o destino da humanidade.","Ben Burtt, Elissa Knight, Jeff Garlin"
Amnésia,2000,8.4,https://www.imdb.com/pt/title/tt0209144/?ref_=chttp_i_57,N/A,Um homem com perda da memória de curto prazo tenta investigar o homicídio da sua esposa.,"Guy Pearce, Carrie-Anne Moss, Joe Pantoliano"
Duna: Parte 2,2024,8.5,https://www.imdb.com/pt/title/tt15239678/?ref_=chttp_i_58,N/A,"Diante da difícil escolha entre o amor de sua vida e o destino do universo conhecido, Paul Atreides, agora ao lado de Chani e dos Fremen, dará tudo de si para evitar o futuro terrível que só ele pode prever.","Timothée Chalamet, Zendaya, Rebecca Ferguson"
Os Caçadores da Arca Perdida,1981,8.4,https://www.imdb.com/pt/title/tt0082971/?ref_=chttp_i_59,N/A,"Em 1936 o archeologista e aventurero Indiana Jones é contratado pelo governo dos Estados Unidos para procurar pelo Pacto da Arca, antes que os nazis o tenham primeiro.","Harrison Ford, Karen Allen, Paul Freeman"
Vingadores: Guerra Infinita,2018,8.4,https://www.imdb.com/pt/title/tt4154756/?ref_=chttp_i_60,N/A,Os Vingadores e seus aliados deverão sacrificar tudo em uma tentativa de derrotar o poderoso Thanos antes que sua explosão de devastação ponha fim ao universo.,"Robert Downey Jr., Chris Hemsworth, Mark Ruffalo"
A Vida dos Outros,2006,8.4,https://www.imdb.com/pt/title/tt0405094/?ref_=chttp_i_61,N/A,"Em 1984, em Berlim Oriental, um agente da polícia secreta que cuida de um escritor e sua mulher se vê cada vez mais absorvido em suas vidas.","Ulrich Mühe, Martina Gedeck, Sebastian Koch"
Crepúsculo dos Deuses,1950,8.4,https://www.imdb.com/pt/title/tt0043014/?ref_=chttp_i_62,N/A,Um roteirista estabelece uma relação com uma fracasada estrela de cinema que quer voltar aos filmes.,"William Holden, Gloria Swanson, Erich von Stroheim"
Homem-Aranha: No Aranhaverso,2018,8.4,https://www.imdb.com/pt/title/tt4633694/?ref_=chttp_i_63,N/A,O adolescente Miles Morales se torna o Homem-Aranha de seu universo e deve se juntar a cinco indivíduos com poderes de aranha de outras dimensões para impedir uma ameaça para todas as realidades.,"Shameik Moore, Jake Johnson, Hailee Steinfeld"
Testemunha de Acusação,1957,8.4,https://www.imdb.com/pt/title/tt0051201/?ref_=chttp_i_64,N/A,Um veterano advogado britânico deve defender seu cliente em um julgamento de assassinato que tem surpresa após surpresa.,"Tyrone Power, Marlene Dietrich, Charles Laughton"
Glória Feita de Sangue,1957,8.4,https://www.imdb.com/pt/title/tt0050825/?ref_=chttp_i_65,N/A,"Depois de se recusar a atacar uma posição inimiga, um general acusa os soldados da covardia e seu comandante deve defendê-los.","Kirk Douglas, Ralph Meeker, Adolphe Menjou"
O Iluminado,1980,8.4,https://www.imdb.com/pt/title/tt0081505/?ref_=chttp_i_66,N/A,"Uma família se dirige a um hotel isolado para o inverno, onde uma presença sinistra influencia a violência do pai, enquanto seu filho psíquico vê presságios horríveis do passado e do futuro.","Jack Nicholson, Shelley Duvall, Danny Lloyd"
O Grande Ditador,1940,8.4,https://www.imdb.com/pt/title/tt0032553/?ref_=chttp_i_67,N/A,O ditador Adenoid Hynkel tenta expandir seu império enquanto um pobre barbeiro judeu tenta evitar a perseguição por seu regime.,"Charles Chaplin, Paulette Goddard, Jack Oakie"
Bastardos Inglórios,2009,8.4,https://www.imdb.com/pt/title/tt0361748/?ref_=chttp_i_68,N/A,"Na França ocupada pelos nazistas durante a Segunda Guerra Mundial, um plano para assassinar líderes nazistas por parte de um grupo de soldados judeus dos EUA coincide com os planos de vingança da dona de uma sala de cinema.","Brad Pitt, Diane Kruger, Eli Roth"
Repetente,2023,8.7,https://www.imdb.com/pt/title/tt23849204/?ref_=chttp_i_69,N/A,A história da vida real do oficial do IPS Manoj Kumar Sharma e do oficial do IRS Shraddha Joshi.,"Vikrant Massey, Medha Shankr, Anant Joshi"
Aliens: O Resgate,1986,8.4,https://www.imdb.com/pt/title/tt0090605/?ref_=chttp_i_70,N/A,Ellen Ripley é salvada depois de estar dormida por 57 anos. A luna que o Nostromo visitou foi colonizada mas o contado se perdeu.,"Sigourney Weaver, Michael Biehn, Carrie Henn"
Batman: O Cavaleiro das Trevas Ressurge,2012,8.4,https://www.imdb.com/pt/title/tt1345836/?ref_=chttp_i_71,N/A,"Passaram-se oito anos desde a morte de Harvey Dent e o Batman, ao assumir a culpa pela morte do promotor, desapareceu. Agora, ele terá de lidar com a chegada da Mulher Gato e de Bane em Gotham City.","Christian Bale, Tom Hardy, Anne Hathaway"
Viva: A Vida é uma Festa,2017,8.4,https://www.imdb.com/pt/title/tt2380307/?ref_=chttp_i_72,N/A,"O aspirante a músico Miguel, confrontado com a proibição ancestral da música pela sua família, entra na Terra dos Mortos para encontrar o seu tataravô, um cantor lendário.","Anthony Gonzalez, Gael García Bernal, Benjamin Bratt"
Amadeus,1984,8.4,https://www.imdb.com/pt/title/tt0086879/?ref_=chttp_i_73,N/A,"A vida, sucessos e tribulações de Wolfgang Amadeus Mozart de acordo com Antonio Salieri, um compositor que era contemporâneo, que sempre teve ciúmes dele e que alegou tê-lo matado.","F. Murray Abraham, Tom Hulce, Elizabeth Berridge"
Vingadores: Ultimato,2019,8.4,https://www.imdb.com/pt/title/tt4154796/?ref_=chttp_i_74,N/A,"Após os eventos devastadores de Vingadores: Guerra Infinita, o universo está em ruínas. E com a ajuda de aliados, os Vingadores se reúnem para desfazer as ações de Thanos e restaurar a ordem.","Robert Downey Jr., Chris Evans, Mark Ruffalo"
Toy Story,1995,8.3,https://www.imdb.com/pt/title/tt0114709/?ref_=chttp_i_75,N/A,"Um boneco cowboy fica ciumento quando um novo boneco astronauta se torna o brinquedo principal no quarto de um menino. Quando as circunstâncias os separam de seu dono, os dois precisam esquecer suas diferenças para voltar para ele.","Tom Hanks, Tim Allen, Don Rickles"
Gênio Indomável,1997,8.3,https://www.imdb.com/pt/title/tt0119217/?ref_=chttp_i_76,N/A,"Will Hunting, um zelador de uma universidade, tem habilidades para a matemática, mas precisa da ajuda de um psicólogo para encontrar seu propósito.","Robin Williams, Matt Damon, Ben Affleck"
Céu e Inferno,1963,8.4,https://www.imdb.com/pt/title/tt0057565/?ref_=chttp_i_77,N/A,Um executivo de uma empresa de calçados torna-se vítima de extorsão quando o filho de seu motorista é sequestrado e retido para resgate.,"Toshirô Mifune, Yutaka Sada, Tatsuya Nakadai"
Dr. Fantástico,1964,8.3,https://www.imdb.com/pt/title/tt0057012/?ref_=chttp_i_78,N/A,Um general alienado provoca um potencial holocausto nuclear que uma sala de guerra cheia de políticos e generais tenta freneticamente parar.,"Peter Sellers, George C. Scott, Sterling Hayden"
Oldboy,2003,8.3,https://www.imdb.com/pt/title/tt0364569/?ref_=chttp_i_79,N/A,"Depois de ter sido raptado e preso por quinze anos, Oh Dae-Su é libertado, e descobre que tem 5 dias para encontrar seu sequestrador.","Choi Min-sik, Yoo Ji-tae, Kang Hye-jeong"
O Barco: Inferno no Mar,1981,8.4,https://www.imdb.com/pt/title/tt0082096/?ref_=chttp_i_80,N/A,"O mundo claustrofóbico de um submarino da Segunda Guerra Mundial, cheio de tédio, sujeira e terror.","Jürgen Prochnow, Herbert Grönemeyer, Klaus Wennemann"
Coração Valente,1995,8.3,https://www.imdb.com/pt/title/tt0112573/?ref_=chttp_i_81,N/A,"Quando sua noiva en segredo é assassinada, William Wallace comença uma revolta contra o rey Eduardo I da Inglaterra.","Mel Gibson, Sophie Marceau, Patrick McGoohan"
Your Name,2016,8.4,https://www.imdb.com/pt/title/tt5311514/?ref_=chttp_i_82,N/A,"Dois estranhos estão ligados de uma maneira bizarra, mais quando uma conexão é formada, a distância será a única coisa que os manterá separados?","Ryûnosuke Kamiki, Mone Kamishiraishi, Ryo Narita"
Princesa Mononoke,1997,8.3,https://www.imdb.com/pt/title/tt0119698/?ref_=chttp_i_83,N/A,Um príncipe sofre com uma maldição mortal e parte em busca da cura. Ele acaba indo parar no meio da batalha entre uma cidade mineradora e os animais da floresta.,"Yôji Matsuda, Yuriko Ishida, Yûko Tanaka"
Beleza Americana,1999,8.3,https://www.imdb.com/pt/title/tt0169547/?ref_=chttp_i_84,N/A,Um pai sexualmente frustrado tem uma crise existencial depois de conhecer a melhor amiga da sua filha.,"Kevin Spacey, Annette Bening, Thora Birch"
3 Idiotas,2009,8.4,https://www.imdb.com/pt/title/tt1187043/?ref_=chttp_i_85,N/A,"Dois amigos procuram seu companheiro perdido. Eles se lembram de seus dias de faculdade e como seu amigo os inspirou a pensar de maneira diferente, mesmo quando o resto do mundo os chamava idiotas.","Aamir Khan, Madhavan, Mona Singh"
Coringa,2019,8.3,https://www.imdb.com/pt/title/tt7286456/?ref_=chttp_i_86,N/A,Um comediante falido enlouquece e se torna um assassino psicopata.,"Joaquin Phoenix, Robert De Niro, Zazie Beetz"
Cafarnaum,2018,8.4,https://www.imdb.com/pt/title/tt8267604/?ref_=chttp_i_87,N/A,"Ao cumprir uma sentença de cinco anos por um crime violento, uma criança de 12 anos processou seus pais por negligência.","Zain Al Rafeea, Yordanos Shiferaw, Boluwatife Treasure Bankole"
Era uma Vez na América,1984,8.3,https://www.imdb.com/pt/title/tt0087843/?ref_=chttp_i_88,N/A,"Dois amigos leais crescem juntos cometendo pequenos crimes nas ruas do Lower East Side, em Manhattan, mas essa parceria com o tempo se desfaz em morte e mistério.","Robert De Niro, James Woods, Elizabeth McGovern"
Cantando na Chuva,1952,8.3,https://www.imdb.com/pt/title/tt0045152/?ref_=chttp_i_89,N/A,Uma produtora de cinema mudo e seu elenco enfrentam uma transição difícil para o cinema falado.,"Gene Kelly, Donald O'Connor, Debbie Reynolds"
Vá e Veja,1985,8.3,https://www.imdb.com/pt/title/tt0091251/?ref_=chttp_i_90,N/A,"Depois de encontrar uma arma, um jovem se une as forças da resistença russa contra os alemães na segunda guerra mundial.","Aleksey Kravchenko, Olga Mironova, Liubomiras Laucevicius"
Réquiem para um Sonho,2000,8.3,https://www.imdb.com/pt/title/tt0180093/?ref_=chttp_i_91,N/A,As utopias causadas pelo uso de drogas em quatro pessoas de Coney Island se rompem quando seus vícios as dominam.,"Ellen Burstyn, Jared Leto, Jennifer Connelly"
Star Wars: Episódio VI - O Retorno de Jedi,1983,8.3,https://www.imdb.com/pt/title/tt0086190/?ref_=chttp_i_92,N/A,"Depois de resgatar Han Solo de Jabba, o Hutt, a Aliança Rebelde tenta destruir a segunda Estrela da Morte, enquanto Luke luta para ajudar Darth Vader a voltar do lado negro.","Mark Hamill, Harrison Ford, Carrie Fisher"
Toy Story 3,2010,8.3,https://www.imdb.com/pt/title/tt0435761/?ref_=chttp_i_93,N/A,"Os brinquedos são dados por erro a uma creche, Woody junto com os outros brinquedos tentaram voltar a casa do Andy.","Tom Hanks, Tim Allen, Joan Cusack"
A Caça,2012,8.3,https://www.imdb.com/pt/title/tt2106476/?ref_=chttp_i_94,N/A,"Um professor vive uma vida solitária enquanto luta pela custódia de seu filho. Sua vida melhora lentamente quando ele encontra o amor e recebe boas notícias de seu filho, mas sua sorte está prestes a mudar por uma pequena mentira inocente.","Mads Mikkelsen, Thomas Bo Larsen, Annika Wedderkopp"
Viver,1952,8.3,https://www.imdb.com/pt/title/tt0044741/?ref_=chttp_i_95,N/A,"Depois de descobrir que tem câncer terminal, um burocrata tenta encontrar um sentido para sua vida.","Takashi Shimura, Nobuo Kaneko, Shin'ichi Himori"
Brilho Eterno de uma Mente sem Lembranças,2004,8.3,https://www.imdb.com/pt/title/tt0338013/?ref_=chttp_i_96,N/A,"Quando sua relaçao se volta complicada, um casal tenta um procedimento médico para que suas memorias sejam apagadas.","Jim Carrey, Kate Winslet, Tom Wilkinson"
Incêndios,2010,8.3,https://www.imdb.com/pt/title/tt1255953/?ref_=chttp_i_97,N/A,Os gêmeos viajam para o Oriente Médio para descobrir sua história familiar e cumprir os últimos desejos de sua mãe.,"Lubna Azabal, Mélissa Désormeaux-Poulin, Maxim Gaudette"
Se Meu Apartamento Falasse,1960,8.3,https://www.imdb.com/pt/title/tt0053604/?ref_=chttp_i_98,N/A,"Um homem tenta subir na empresa permitindo que seus executivos usem seu apartamento para encontros, mas surgem complicações e um romance próprio.","Jack Lemmon, Shirley MacLaine, Fred MacMurray"
2001: Uma Odisséia no Espaço,1968,8.3,https://www.imdb.com/pt/title/tt0062622/?ref_=chttp_i_99,N/A,"Trás descobrir um misterioso artefato na superfície da Lua, a humanidade tenta encontrar seus origens com a ajuda da inteligença do ordernador HAL 9000.","Keir Dullea, Gary Lockwood, William Sylvester"
Lawrence da Arábia,1962,8.3,https://www.imdb.com/pt/title/tt0056172/?ref_=chttp_i_100,N/A,"A história de T. E. Lawrence, o oficial inglês que conseguiu unir e liderar várias tribos árabes, durante a Primeira Guerra Mundial para lutar contra os turcos.","Peter O'Toole, Alec Guinness, Anthony Quinn"
Cães de Aluguel,1992,8.3,https://www.imdb.com/pt/title/tt0105236/?ref_=chttp_i_101,N/A,"Quando um simples roubo de jóias dá errado, os criminosos sobreviventes começam a suspeitar que um deles é um informante da polícia.","Harvey Keitel, Tim Roth, Michael Madsen"
Scarface,1983,8.3,https://www.imdb.com/pt/title/tt0086250/?ref_=chttp_i_102,N/A,"Em 1980, um imigrante cubano se torna o maior traficante de cocaína de Miami.","Al Pacino, Michelle Pfeiffer, Steven Bauer"
Fogo Contra Fogo,1995,8.3,https://www.imdb.com/pt/title/tt0113277/?ref_=chttp_i_103,N/A,Um grupo de ladrões de banco suspeitam que a polícia estejam atrás deles quando deixam uma pista no seu último roubo.,"Al Pacino, Robert De Niro, Val Kilmer"
Pacto de Sangue,1944,8.3,https://www.imdb.com/pt/title/tt0036775/?ref_=chttp_i_104,N/A,"Um agente de seguros se deixa convencer de um esquema de assassinato e fraude, o que desperta a suspeita de um investigador.","Fred MacMurray, Barbara Stanwyck, Edward G. Robinson"
Intriga Internacional,1959,8.3,https://www.imdb.com/pt/title/tt0053125/?ref_=chttp_i_105,N/A,Um executivo de publicidade de Nova Iorque tem que fugir quando é confundido por um agente de governo.,"Cary Grant, Eva Marie Saint, James Mason"
Up: Altas Aventuras,2009,8.3,https://www.imdb.com/pt/title/tt1049413/?ref_=chttp_i_106,N/A,"Carl Fredricksen, de 78 anos, viaja para a América do Sul com sua casa, inadvertidamente levando um menino com ele.","Edward Asner, Jordan Nagai, John Ratzenberger"
"M, o Vampiro de Dusseldorf",1931,8.3,https://www.imdb.com/pt/title/tt0022100/?ref_=chttp_i_107,N/A,"Quando a polícia de uma cidade alemã não consegue encontrar um assassino de crianças, outros criminosos decidem ajudar na caçada humana.","Peter Lorre, Ellen Widmann, Inge Landgut"
Cidadão Kane,1941,8.3,https://www.imdb.com/pt/title/tt0033467/?ref_=chttp_i_108,N/A,"Após a morte de um magnata na indústria editorial, jornalistas correm para descobrir o significado da última palavra que ele pronunciou.","Orson Welles, Joseph Cotten, Dorothy Comingore"
Nascido para Matar,1987,8.2,https://www.imdb.com/pt/title/tt0093058/?ref_=chttp_i_109,N/A,Um marinho dos Estados Unidos nota os deshumanizantes efeitos da guerra do Vietnã em seus colegas.,"Matthew Modine, R. Lee Ermey, Vincent D'Onofrio"
Um Corpo que Cai,1958,8.2,https://www.imdb.com/pt/title/tt0052357/?ref_=chttp_i_110,N/A,Um ex-policial luta contra seus demônios enquanto está obcecado por uma mulher bonita.,"James Stewart, Kim Novak, Barbara Bel Geddes"
O Fabuloso Destino de Amélie Poulain,2001,8.3,https://www.imdb.com/pt/title/tt0211915/?ref_=chttp_i_111,N/A,"Amélie é uma parisiense ingênua com seu próprio senso de justiça. Ela decide ajudar as pessoas ao seu redor e, no caminho, descobre o amor.","Audrey Tautou, Mathieu Kassovitz, Rufus"
Como Estrelas na Terra,2007,8.3,https://www.imdb.com/pt/title/tt0986264/?ref_=chttp_i_112,N/A,"Um garoto de oito anos é acusado de ser problemático e preguiçoso, até que o novo professor de arte tem a paciência e compaixão para descobrir o verdadeiro problema por trás de suas lutas na escola.","Darsheel Safary, Aamir Khan, Tisca Chopra"
A Separação,2011,8.3,https://www.imdb.com/pt/title/tt1832382/?ref_=chttp_i_113,N/A,"Um casal é confrontado com uma decisão difícil, melhorar a vida de seu filho mudando-se para outro país ou ficar no Irã e cuidar de um pai que se deteriora e com Alzheimer.","Payman Maadi, Leila Hatami, Sareh Bayat"
O Sol é para Todos,1962,8.3,https://www.imdb.com/pt/title/tt0056592/?ref_=chttp_i_114,N/A,"Atticus Finch, um advogado no sul da era da Depressão, defende um homem negro contra uma acusação de estupro imerecida, e seus filhos contra o preconceito.","Gregory Peck, John Megna, Frank Overton"
Duro de Matar,1988,8.2,https://www.imdb.com/pt/title/tt0095016/?ref_=chttp_i_115,N/A,"John McClane, agente do departamento de polícia de Nova York, tenta salvar sua esposa, Holly Gennaro, e outras pessoas que o terrorista alemão Hans Gruber tomou como reféns durante a festa de Natal no Nakatomi Plaza, em Los Angeles.","Bruce Willis, Alan Rickman, Bonnie Bedelia"
Indiana Jones e a Última Cruzada,1989,8.2,https://www.imdb.com/pt/title/tt0097576/?ref_=chttp_i_116,N/A,"Em 1938, depois que seu pai, o professor Henry Jones, desaparece enquanto persegue o Santo Graal, o professor Henry ""Indiana"" Jones, Jr. se encontra contra os nazistas de Adolf Hitler.","Harrison Ford, Sean Connery, Alison Doody"
Golpe de Mestre,1973,8.2,https://www.imdb.com/pt/title/tt0070735/?ref_=chttp_i_117,N/A,Dois golpistas se reúnem para obter o melhor golpe.,"Paul Newman, Robert Redford, Robert Shaw"
Laranja Mecânica,1971,8.2,https://www.imdb.com/pt/title/tt0066921/?ref_=chttp_i_118,N/A,"No futuro, um jovem líder de gang é levado para prisão e decide ser voluntário em um experimento, mas os resultados não são os esperados.","Malcolm McDowell, Patrick Magee, Michael Bates"
Metrópolis,1927,8.3,https://www.imdb.com/pt/title/tt0017136/?ref_=chttp_i_119,N/A,"Numa cidade futurística dividida entre os trabalhadores e os planejadores, o filho do maior planejador se apaixona por uma trabalhadora.","Brigitte Helm, Alfred Abel, Gustav Fröhlich"
Oppenheimer,2023,8.3,https://www.imdb.com/pt/title/tt15398776/?ref_=chttp_i_120,N/A,A história do cientista americano J. Robert Oppenheimer e seu papel no desenvolvimento da bomba atômica.,"Cillian Murphy, Emily Blunt, Matt Damon"
Snatch - Porcos e Diamantes,2000,8.2,https://www.imdb.com/pt/title/tt0208092/?ref_=chttp_i_121,N/A,"Um ladrão amante dos jogos reúne gângsteres desprezíveis, um grupo de nômades irlandeses e uma fazenda de porcos em meio a chantagens, fraudes, boxeadores, um cão faminto e um grande diamante.","Jason Statham, Brad Pitt, Stephen Graham"
1917,2019,8.2,https://www.imdb.com/pt/title/tt8579674/?ref_=chttp_i_122,N/A,"Na Primeira Guerra Mundial, dois soldados britânicos recebem ordens aparentemente impossíveis de cumprir. Em uma corrida contra o tempo, eles precisam atravessar o território inimigo e entregar uma mensagem que pode salvar 1.600 homens.","Dean-Charles Chapman, George MacKay, Daniel Mays"
Hababam Sinifi Sinifta Kaldi,1975,8.6,https://www.imdb.com/pt/title/tt0252488/?ref_=chttp_i_123,N/A,A young and beautiful female teacher starts working in an all boys high school.,"Münir Özkul, Tarik Akan, Kemal Sunal"
Los Angeles: Cidade Proibida,1997,8.2,https://www.imdb.com/pt/title/tt0119488/?ref_=chttp_i_124,N/A,A corrupção cresce em Los Angeles nos anos 50. Três policiais estão investigando uma série de assassinatos com sua própria marca de justiça.,"Kevin Spacey, Russell Crowe, Guy Pearce"
Ladrões de Bicicletas,1948,8.2,https://www.imdb.com/pt/title/tt0040522/?ref_=chttp_i_125,N/A,Na Itália da pós-guerra a bicicleta de um homem da classe trabalhadora é roubada. Ele e o filho partiram para encontrá-la.,"Lamberto Maggiorani, Enzo Staiola, Lianella Carell"
A Queda! As Últimas Horas de Hitler,2004,8.2,https://www.imdb.com/pt/title/tt0363163/?ref_=chttp_i_126,N/A,O último secretário de Hitler relata seus últimos dias em seu bunker de Berlim no final da Segunda Guerra Mundial.,"Bruno Ganz, Alexandra Maria Lara, Ulrich Matthes"
Dangal,2016,8.3,https://www.imdb.com/pt/title/tt5074352/?ref_=chttp_i_127,N/A,O lutador Mahavir e suas filhas lutadoras procuram a gloria contra a opressão social nos jogos do Commonwealth.,"Aamir Khan, Sakshi Tanwar, Fatima Sana Shaikh"
O Lobo de Wall Street,2013,8.2,https://www.imdb.com/pt/title/tt0993846/?ref_=chttp_i_128,N/A,"Baseada na verdadeira história de Jordan Belfort, desde sua ascensão como corretor de valores até a sua queda e envolvimento no crime e corrupção com o governo.","Leonardo DiCaprio, Jonah Hill, Margot Robbie"
Hamilton,2020,8.3,https://www.imdb.com/pt/title/tt8503618/?ref_=chttp_i_129,N/A,"A vida de um dos maiores fundadores e primeiro secretário do Tesouro da América, Alexander Hamilton.","Lin-Manuel Miranda, Phillipa Soo, Leslie Odom Jr."
Green Book: O Guia,2018,8.2,https://www.imdb.com/pt/title/tt6966692/?ref_=chttp_i_130,N/A,Um valentão ítalo-americano se torna o motorista de um pianista afro-americano em um tour no sul dos Estados Unidos nos anos sessenta.,"Viggo Mortensen, Mahershala Ali, Linda Cardellini"
O Show de Truman: O Show da Vida,1998,8.2,https://www.imdb.com/pt/title/tt0120382/?ref_=chttp_i_131,N/A,Um vendedor de seguros descobre que sua vida é um programa de televisão.,"Jim Carrey, Ed Harris, Laura Linney"
Taxi Driver: Motorista de Táxi,1976,8.2,https://www.imdb.com/pt/title/tt0075314/?ref_=chttp_i_132,N/A,"Um veterano de guerra mentalmente instável trabalha à noite como taxista na cidade de Nova York, onde a decadência e o desprezo alimentam seu desejo de ação violenta.","Robert De Niro, Jodie Foster, Cybill Shepherd"
Batman Begins,2005,8.2,https://www.imdb.com/pt/title/tt0372784/?ref_=chttp_i_133,N/A,"Após testemunhar a morte dos pais, o bilionário Bruce Wayne aprende a arte de lutar para confrontar a injustiça. Quando ele retorna a Gotham como Batman, ele deve deter uma sociedade secreta que pretende destruir a cidade.","Christian Bale, Michael Caine, Ken Watanabe"
Por uns Dólares a Mais,1965,8.2,https://www.imdb.com/pt/title/tt0059578/?ref_=chttp_i_134,N/A,Dois caçadores de recompensas com as mesmas intenções se reúnem para encontrar um criminoso ocidental.,"Clint Eastwood, Lee Van Cleef, Gian Maria Volontè"
Julgamento em Nuremberg,1961,8.3,https://www.imdb.com/pt/title/tt0055031/?ref_=chttp_i_135,N/A,"Em 1948, um tribunal dos Estados Unidos na Alemanha ocupada julga quatro nazistas por crimes de guerra.","Spencer Tracy, Burt Lancaster, Richard Widmark"
Ilha do Medo,2010,8.2,https://www.imdb.com/pt/title/tt1130884/?ref_=chttp_i_136,N/A,"Em 1954, um policial federal dos Estados Unidos investiga o desaparecimento de um assassino que escapou de um hospital psiquiátrico.","Leonardo DiCaprio, Emily Mortimer, Mark Ruffalo"
Quanto Mais Quente Melhor,1959,8.2,https://www.imdb.com/pt/title/tt0053291/?ref_=chttp_i_137,N/A,"Dos músicos son testigos de un crimen y se dan a la fuga disfrazados de mujeres en una banda femenina, pero las cosas se complican.","Marilyn Monroe, Tony Curtis, Jack Lemmon"
Jurassic Park: O Parque dos Dinossauros,1993,8.2,https://www.imdb.com/pt/title/tt0107290/?ref_=chttp_i_138,N/A,"Um milionário traz à vida dinossauros extintos há milhares de anos, criando um imenso parque. Mas os gigantes pré-históricos começam a ameaçar a vida dos visitantes.","Sam Neill, Laura Dern, Jeff Goldblum"
O Garoto,1921,8.2,https://www.imdb.com/pt/title/tt0012349/?ref_=chttp_i_139,N/A,"Um mendigo cuida de uma criança abandonada, mas os eventos ameaçam esse relacionamento.","Charles Chaplin, Edna Purviance, Jackie Coogan"
Meu Pai,2020,8.2,https://www.imdb.com/pt/title/tt10272386/?ref_=chttp_i_140,N/A,"Um homem recusa toda a ajuda de sua filha à medida que envelhece. Enquanto ele tenta entender o que está acontecendo ao seu redor, ele começa a duvidar dos seus entes queridos, da sua mente e até mesmo da estrutura de sua realidade.","Anthony Hopkins, Olivia Colman, Mark Gatiss"
A Malvada,1950,8.2,https://www.imdb.com/pt/title/tt0042192/?ref_=chttp_i_141,N/A,"Uma ingênua se insinua na vida de uma atriz de teatro, e de seu círculo de amigas de teatro.","Bette Davis, Anne Baxter, George Sanders"
Sangue Negro,2007,8.2,https://www.imdb.com/pt/title/tt0469494/?ref_=chttp_i_142,N/A,"Uma história sobre familia, religião, ódio e loucura, centrada na vida de um explorador de petróleo nos primeiros anos do negócio.","Daniel Day-Lewis, Paul Dano, Ciarán Hinds"
O Sexto Sentido,1999,8.2,https://www.imdb.com/pt/title/tt0167404/?ref_=chttp_i_143,N/A,Um menino que consegue se comunicar com espíritos encontra ajuda de um psicólogo.,"Bruce Willis, Haley Joel Osment, Toni Collette"
Ran,1985,8.2,https://www.imdb.com/pt/title/tt0089881/?ref_=chttp_i_144,N/A,"No Japão medieval, um senhor feudal decide abdicar e entregar seus domínios aos seus três filhos. Mas ele não é capaz de ver que esses novos poderes irão corrompê-los e levá-los a enfrentar um ao outro, e contra ele.","Tatsuya Nakadai, Akira Terao, Jinpachi Nezu"
Cassino,1995,8.2,https://www.imdb.com/pt/title/tt0112641/?ref_=chttp_i_145,N/A,"Uma história de ganância, dinheiro e assassinato acontece entre dois melhores amigos: um mafioso e um executivo de cassino, que competem uns com os outros por um império de jogo e pelo amor de uma socialite.","Robert De Niro, Sharon Stone, Joe Pesci"
Top Gun: Maverick,2022,8.2,https://www.imdb.com/pt/title/tt1745960/?ref_=chttp_i_146,N/A,"Após mais de trinta anos de serviço como um dos melhores aviadores da Marinha, Pete Mitchell está onde pertence, ultrapassando os limites como um piloto de teste intrépido e evitando a promoção de posto que o manteria em terra.","Tom Cruise, Jennifer Connelly, Miles Teller"
Onde os Fracos Não Têm Vez,2007,8.2,https://www.imdb.com/pt/title/tt0477348/?ref_=chttp_i_147,N/A,Violência e caos surgem quando um caçador se depara com uma negociação de drogas que deu errado e mais de dois milhões de dólares perto do Rio Grande.,"Tommy Lee Jones, Javier Bardem, Josh Brolin"
O Enigma de Outro Mundo,1982,8.2,https://www.imdb.com/pt/title/tt0084787/?ref_=chttp_i_148,N/A,Uma equipe de pesquisa na Antártica é caçada por um alienígena que muda de forma e assume a aparência de suas vítimas.,"Kurt Russell, Wilford Brimley, Keith David"
Os Imperdoáveis,1992,8.2,https://www.imdb.com/pt/title/tt0105695/?ref_=chttp_i_149,N/A,"O atirador do Velho Oeste, William Munny, relutantemente aceita um último trabalho com a ajuda de seu antigo amigo e um jovem.","Clint Eastwood, Gene Hackman, Morgan Freeman"
O Labirinto do Fauno,2006,8.2,https://www.imdb.com/pt/title/tt0457430/?ref_=chttp_i_150,N/A,"Na Espanha de 1944, a filha dum oficial do exército escapa a um mundo de fantasia.","Ivana Baquero, Ariadna Gil, Sergi López"
Kill Bill: Volume 1,2003,8.2,https://www.imdb.com/pt/title/tt0266697/?ref_=chttp_i_151,N/A,"Depois de despertar de um coma de quatro anos, uma antiga assassina busca vingança contra o grupo de assassinos que a traiu.","Uma Thurman, David Carradine, Daryl Hannah"
Uma Mente Brilhante,2001,8.2,https://www.imdb.com/pt/title/tt0268978/?ref_=chttp_i_152,N/A,A vida do brilhante mas insociável matemático John Nash muda quando ele aceita um trabalho secreto em criptografia.,"Russell Crowe, Ed Harris, Jennifer Connelly"
Os Suspeitos,2013,8.2,https://www.imdb.com/pt/title/tt1392214/?ref_=chttp_i_153,N/A,"Quando a filha de Keller Dover e sua amiguinha desaparecem, ele decide investigar o caso por sua conta enquanto a polícia segue múltiplas pistas e a pressão para resolver o caso aumenta.","Hugh Jackman, Jake Gyllenhaal, Viola Davis"
O Tesouro da Sierra Madre,1948,8.2,https://www.imdb.com/pt/title/tt0040897/?ref_=chttp_i_154,N/A,Dois americanos em busca de trabalho no México convencem um homem a ajudá-los a extrair ouro nas montanhas da Serra Madre.,"Humphrey Bogart, Walter Huston, Tim Holt"
"Yojimbo, o Guarda-Costas",1961,8.2,https://www.imdb.com/pt/title/tt0055630/?ref_=chttp_i_155,N/A,Um astuto ronin chega a uma cidade dividida por duas quadrilhas criminosas e decide se confrontar para libertar a cidade.,"Toshirô Mifune, Eijirô Tôno, Tatsuya Nakadai"
Procurando Nemo,2003,8.2,https://www.imdb.com/pt/title/tt0266543/?ref_=chttp_i_156,N/A,"Quando seu filho é capturado, um peixe-palhaço tímido embarca em uma viagem para trazê-lo para casa.","Albert Brooks, Ellen DeGeneres, Alexander Gould"
O Castelo Animado,2004,8.2,https://www.imdb.com/pt/title/tt0347149/?ref_=chttp_i_157,N/A,Uma jovem sem autoconfiança é amaldiçoada com um corpo envelhecido por uma bruxa odiosa. Sua única chance de quebrar o feitiço é um jovem feiticeiro em um castelo itinerante.,"Chieko Baishô, Takuya Kimura, Tatsuya Gashûin"
O Melhor da Juventude,2003,8.4,https://www.imdb.com/pt/title/tt0346336/?ref_=chttp_i_158,N/A,"Um épico italiano que segue a vida de dois irmãos, das décadas de 1960 a 2000.","Luigi Lo Cascio, Alessio Boni, Jasmine Trinca"
Fugindo do Inferno,1963,8.2,https://www.imdb.com/pt/title/tt0057115/?ref_=chttp_i_159,N/A,Prisioneiros de guerra aliados planejam uma fuga maciça de um campo alemão durante a Segunda Guerra Mundial.,"Steve McQueen, James Garner, Richard Attenborough"
Monty Python em Busca do Cálice Sagrado,1975,8.2,https://www.imdb.com/pt/title/tt0071853/?ref_=chttp_i_160,N/A,"O Rei Arthur e seus Cavaleiros da Távola Redonda embarcam em uma busca surrealista e de baixo orçamento pelo Santo Graal, encontrando múltiplos obstáculos estúpidos.","Graham Chapman, John Cleese, Eric Idle"
O Homem Elefante,1980,8.2,https://www.imdb.com/pt/title/tt0080678/?ref_=chttp_i_161,N/A,"Um cirurgião vitoriano resgata um homem gravemente desfigurado que é maltratado enquanto tenta sobreviver como uma atração de circo. Por trás de sua aparência monstruosa, revela-se uma pessoa de bondade, inteligência e sofisticação.","Anthony Hopkins, John Hurt, Anne Bancroft"
Klaus,2019,8.2,https://www.imdb.com/pt/title/tt4729430/?ref_=chttp_i_162,N/A,"Um simples ato de bondade sempre provoca outro, mesmo em um lugar gelado e distante. Quando o novo carteiro de Smeerensburg faz amizade com o fabricante de brinquedos Klaus, seus presentes derreteram uma antiga inimizade.","Jason Schwartzman, J.K. Simmons, Rashida Jones"
Disque M para Matar,1954,8.2,https://www.imdb.com/pt/title/tt0046912/?ref_=chttp_i_163,N/A,"Um ex-tenista decide matar a esposa para herdar o dinheiro dela e se vingar de um caso que ela havia tido. A fim de se livrar de culpas, usa um antigo colega de faculdade. Mas as coisas não vão correr como estava planeado.","Ray Milland, Grace Kelly, Robert Cummings"
...E o Vento Levou,1939,8.2,https://www.imdb.com/pt/title/tt0031381/?ref_=chttp_i_164,N/A,Uma jovem sulista e manipuladora e um aventureiro oportunista se enfrentam em um romance turbulento enquanto a sociedade ao seu redor desmorona com o fim da escravidão e é reconstruída durante os períodos da Guerra Civil e da Reconstrução.,"Clark Gable, Vivien Leigh, Thomas Mitchell"
O Segredo dos Seus Olhos,2009,8.2,https://www.imdb.com/pt/title/tt1305806/?ref_=chttp_i_165,N/A,"Um assessor jurídico aposentado escreve um romance com a esperança de fechar um de seus antigos casos de homicídio, que permanece sem solução, e superar o amor não correspondido que sentia por seu chefe. Décadas depois, ambas as memórias continuam a persegui-lo.","Ricardo Darín, Soledad Villamil, Pablo Rago"
Chinatown,1974,8.1,https://www.imdb.com/pt/title/tt0071315/?ref_=chttp_i_166,N/A,"Um detetive particular contratado para desmascarar um adúltero é pego em uma teia de fraude, corrupção e assassinato.","Jack Nicholson, Faye Dunaway, John Huston"
"Jogos, Trapaças e Dois Canos Fumegantes",1998,8.1,https://www.imdb.com/pt/title/tt0120735/?ref_=chttp_i_167,N/A,"Um jogo de cartas em Londres desencadeia um confronto entre quatro amigos, plantadores de maconha, agiotas e cobradores de dívidas em uma série de eventos curiosos, tudo por algo de maria, dinheiro e duas pistolas antigas.","Jason Flemyng, Dexter Fletcher, Nick Moran"
Rashomon,1950,8.1,https://www.imdb.com/pt/title/tt0042876/?ref_=chttp_i_168,N/A,"A violação de uma noiva e o assassinato de seu marido samurai são lembrados desde a perspectiva de um bandido, da noiva, do fantasma do samurai e de um lenhador.","Toshirô Mifune, Machiko Kyô, Masayuki Mori"
V de Vingança,2005,8.1,https://www.imdb.com/pt/title/tt0434409/?ref_=chttp_i_169,N/A,"Em um futuro da tirania britânica, um lutador clandestino conhecido como V trama um plano para derrubá-la com a ajuda de uma jovem mulher.","Hugo Weaving, Natalie Portman, Rupert Graves"
Divertida Mente,2015,8.1,https://www.imdb.com/pt/title/tt2096673/?ref_=chttp_i_170,N/A,"Depois que a jovem Riley é arrancada de sua vida no Centro-Oeste e se muda para São Francisco, suas emoções - Alegria, Medo, Raiva, Nojinho e Tristeza - entram em conflito sobre a melhor forma de navegar em uma nova cidade, casa e escola.","Amy Poehler, Bill Hader, Lewis Black"
Três Anúncios para um Crime,2017,8.1,https://www.imdb.com/pt/title/tt5027774/?ref_=chttp_i_171,N/A,Uma mãe desafia pessoalmente as autoridades locais para resolver o assassinato de sua filha.,"Frances McDormand, Woody Harrelson, Sam Rockwell"
Prenda-Me se for Capaz,2002,8.1,https://www.imdb.com/pt/title/tt0264464/?ref_=chttp_i_172,N/A,"Um agente do FBI persegue Frank Abagnale, que antes de seus 19 anos consegue ganhar milhões de dólares fingindo ser um piloto, um médico e um advogado.","Leonardo DiCaprio, Tom Hanks, Christopher Walken"
Trainspotting: Sem Limites,1996,8.1,https://www.imdb.com/pt/title/tt0117951/?ref_=chttp_i_173,N/A,"Renton, profundamente imerso no mundo das drogas em Edimburgo, tenta sair do ambiente apesar da má influência dos amigos.","Ewan McGregor, Ewen Bremner, Jonny Lee Miller"
A Ponte do Rio Kwai,1957,8.1,https://www.imdb.com/pt/title/tt0050212/?ref_=chttp_i_174,N/A,"Depois de resolver suas diferenças com um japonês, o comandante do campo, um coronel britânico, coopera para supervisionar a construção de uma ponte ferroviária.","William Holden, Alec Guinness, Jack Hawkins"
Touro Indomável,1980,8.1,https://www.imdb.com/pt/title/tt0081398/?ref_=chttp_i_175,N/A,"A vida do boxeador Jake LaMotta, cuja violência e temperamento que o levaram até o topo dos ringues destruíram a sua vida fora deles.","Robert De Niro, Cathy Moriarty, Joe Pesci"
Robô Selvagem,2024,8.2,https://www.imdb.com/pt/title/tt29623480/?ref_=chttp_i_176,N/A,"Após um naufrágio, um robô inteligente chamado Roz fica preso em uma ilha desabitada. Para sobreviver ao ambiente hostil, Roz se une aos animais da ilha e cuida de um ganso bebê órfão.","Lupita Nyong'o, Pedro Pascal, Kit Connor"
Harry Potter e as Relíquias da Morte - Parte 2,2011,8.1,https://www.imdb.com/pt/title/tt1201607/?ref_=chttp_i_177,N/A,"Conforme a batalha entre as forças do bem e do mal no mundo bruxo aumenta de proporções, Harry Potter se aproxima cada vez mais do confronto final com Voldemort.","Daniel Radcliffe, Emma Watson, Rupert Grint"
Fargo: Uma Comédia de Erros,1996,8.1,https://www.imdb.com/pt/title/tt0116282/?ref_=chttp_i_178,N/A,O crime de Jerry Lundegaard se desfaz devido à falta de sorte dele e de seus colegas e ao persistente trabalho polícia.,"William H. Macy, Frances McDormand, Steve Buscemi"
Guerreiro,2011,8.1,https://www.imdb.com/pt/title/tt1291584/?ref_=chttp_i_179,N/A,"O filho pequeno de um exboxer alcoólatra volta para casa, onde seu pai o treina para um torneio de artes marciais mistas.","Tom Hardy, Nick Nolte, Joel Edgerton"
Menina de Ouro,2004,8.1,https://www.imdb.com/pt/title/tt0405159/?ref_=chttp_i_180,N/A,Uma mulher determinada se prepara para se tornar numa pugilista profissional.,"Hilary Swank, Clint Eastwood, Morgan Freeman"
Gran Torino,2008,8.1,https://www.imdb.com/pt/title/tt1205489/?ref_=chttp_i_181,N/A,"Walt Kowalski, um ranzinza veterano da guerra da Coreia, tenta dar uma lição em seu vizinho quando este tentar roubar seu bem mais precioso: um Gran Torino de 1972.","Clint Eastwood, Bee Vang, Christopher Carley"
Ben-Hur,1959,8.1,https://www.imdb.com/pt/title/tt0052618/?ref_=chttp_i_182,N/A,"Quando um príncipe de Jerusalém é traído e enviado à escravidão por um amigo romano, ele recupera sua liberdade e retorna para se vingar.","Charlton Heston, Jack Hawkins, Stephen Boyd"
Sociedade dos Poetas Mortos,1989,8.1,https://www.imdb.com/pt/title/tt0097165/?ref_=chttp_i_183,N/A,O professor de Inglés John Keating inspira a seus estudantes a ver a poesia duma perspectiva diferente.,"Robin Williams, Robert Sean Leonard, Ethan Hawke"
Mad Max: Estrada da Fúria,2015,8.1,https://www.imdb.com/pt/title/tt1392190/?ref_=chttp_i_184,N/A,"Em um mundo pós-apocalíptico, uma mulher se rebela contra um governante tirânico em busca de sua terra natal com a ajuda de um grupo de prisioneiras, um adorador psicótico e um nômade chamado Max.","Tom Hardy, Charlize Theron, Nicholas Hoult"
Barry Lyndon,1975,8.1,https://www.imdb.com/pt/title/tt0072684/?ref_=chttp_i_185,N/A,Um irlandês conquista o coração de uma viúva rica e assume a posição aristocrática de seu falecido marido na Inglaterra do século XVIII.,"Ryan O'Neal, Marisa Berenson, Patrick Magee"
Meu Amigo Totoro,1988,8.1,https://www.imdb.com/pt/title/tt0096283/?ref_=chttp_i_186,N/A,"Quando duas meninas se mudam para o campo para ficar perto de sua mãe doente, elas têm aventuras com os maravilhosos espíritos da floresta que moram nas proximidades.","Hitoshi Takagi, Noriko Hidaka, Chika Sakamoto"
Filhos do Paraíso,1997,8.2,https://www.imdb.com/pt/title/tt0118849/?ref_=chttp_i_187,N/A,"Depois que uma criança perde o par de sapatos de sua irmã, ele embarca em uma série de aventuras para encontrá-los. Quando não consegue, ele tenta uma nova maneira de procurá-los.","Reza Naji, Amir Farrokh Hashemian, Bahare Seddiqi"
Até o Último Homem,2016,8.1,https://www.imdb.com/pt/title/tt2119532/?ref_=chttp_i_188,N/A,"O médico amaericano da Segunda Guerra Mundial, Desmond T. Doss, se recusa a matar pessoas e se torna o primeiro homem na história dos Estados Unidos a receber a Medalha de Honra sem atirar um tiro.","Andrew Garfield, Sam Worthington, Luke Bracey"
O Grande Hotel Budapeste,2014,8.1,https://www.imdb.com/pt/title/tt2278388/?ref_=chttp_i_189,N/A,"As aventuras de Gustave H, um lendário porteiro dum famoso hotel da ficcional República de Zubrowka entre a primeira y a segunda guerra mundial.","Ralph Fiennes, F. Murray Abraham, Mathieu Amalric"
12 Anos de Escravidão,2013,8.1,https://www.imdb.com/pt/title/tt2024544/?ref_=chttp_i_190,N/A,"Solomon Northup, um homem preto livre de Nova Iorque, é raptado e vendido como escravo.","Chiwetel Ejiofor, Michael Kenneth Williams, Michael Fassbender"
Antes do Amanhecer,1995,8.1,https://www.imdb.com/pt/title/tt0112471/?ref_=chttp_i_191,N/A,Um jovem e uma mulher se conhecem num trem em Europa é passam uma noite juntos em Viena.,"Ethan Hawke, Julie Delpy, Andrea Eckert"
Homem-Aranha: Sem Volta para Casa,2021,8.2,https://www.imdb.com/pt/title/tt10872600/?ref_=chttp_i_192,N/A,"Com a identidade de Homem-Aranha revelada, Peter Parker pede ajuda ao Doutor Estranho. Quando um feitiço dá errado, inimigos de outros mundos começam a aparecer, forçando Peter a descobrir o que realmente significa ser o Homem-Aranha.","Tom Holland, Zendaya, Benedict Cumberbatch"
Blade Runner: O Caçador de Andróides,1982,8.1,https://www.imdb.com/pt/title/tt0083658/?ref_=chttp_i_193,N/A,Um blade runner deve perseguir e eliminar quatro replicantes que roubaram uma nave no espaço e retornaram à Terra para encontrar seu criador.,"Harrison Ford, Rutger Hauer, Sean Young"
Memórias de um Assassino,2003,8.1,https://www.imdb.com/pt/title/tt0353969/?ref_=chttp_i_194,N/A,"Em uma pequena província coreana em 1986, três detetives estão procurando o culpado de uma série de estupros e assassinatos de mulheres jovens.","Song Kang-ho, Kim Sang-kyung, Kim Roe-ha"
Garota Exemplar,2014,8.1,https://www.imdb.com/pt/title/tt2267998/?ref_=chttp_i_195,N/A,"Desde que o desaparecimento de sua esposa se tornou o foco de um intenso circo da mídia, um homem vê como esta se concentra nele quando suspeitam que pode não ser inocente.","Ben Affleck, Rosamund Pike, Neil Patrick Harris"
Ratatouille,2007,8.1,https://www.imdb.com/pt/title/tt0382932/?ref_=chttp_i_196,N/A,Um rato que pode cozinhar forja uma aliança incomum com um jovem garoto em um famoso restaurante em Paris.,"Brad Garrett, Lou Romano, Patton Oswalt"
Como Treinar o Seu Dragão,2010,8.1,https://www.imdb.com/pt/title/tt0892769/?ref_=chttp_i_197,N/A,"Um jovem e desafortunado viking que aspira a caçar dragões se torna o improvável amigo de um jovem dragão, e descobre que pode haver mais nas criaturas do que ele supunha.","Jay Baruchel, Gerard Butler, Christopher Mintz-Plasse"
Monstros S.A.,2001,8.1,https://www.imdb.com/pt/title/tt0198781/?ref_=chttp_i_198,N/A,"Para poder dar electricidade a sua cidade, os monstros tem que assustar a crianças. Pensando que as crianças são perigosas para eles, dois monstros acham que as coisas podem ser diferentes.","Billy Crystal, John Goodman, Mary Gibbs"
Em Nome do Pai,1993,8.1,https://www.imdb.com/pt/title/tt0107207/?ref_=chttp_i_199,N/A,"Em 1974, uma explosão a bomba acontece em Guilford, próximo de Londres. Gerry Conlon e amigos são acusados pelo crime e presos. Giuseppe Conlon, pai de Gerry, pede ajuda à advogada Gareth Peirce, que investiga as irregularidades do caso.","Daniel Day-Lewis, Pete Postlethwaite, Alison Crosbie"
Tubarão,1975,8.1,https://www.imdb.com/pt/title/tt0073195/?ref_=chttp_i_200,N/A,"Quando um tubarão desencadea caos numa praia, um xerife, um biologista e um marinheiro daram caça ao animal.","Roy Scheider, Robert Shaw, Richard Dreyfuss"
Relatos Selvagens,2014,8.1,https://www.imdb.com/pt/title/tt3011894/?ref_=chttp_i_201,N/A,Sies historias curtas que exploram o comportamento humano de pessoas desesperadas.,"Darío Grandinetti, María Marull, Mónica Villa"
Em Busca do Ouro,1925,8.1,https://www.imdb.com/pt/title/tt0015864/?ref_=chttp_i_202,N/A,Um garimpeiro vai ao Klondike em busca de ouro e encontra muito mais que isso.,"Charles Chaplin, Mack Swain, Tom Murray"
Ford vs. Ferrari,2019,8.1,https://www.imdb.com/pt/title/tt1950186/?ref_=chttp_i_203,N/A,"Um designer de carros e um motorista combatem a interferência corporativa, as leis da física e seus próprios demônios pessoais para construir um carro de corrida revolucionário para a Ford e desafiar a Ferrari nas 24 Horas de Le Mans em 1966.","Matt Damon, Christian Bale, Jon Bernthal"
Bancando o Águia,1924,8.1,https://www.imdb.com/pt/title/tt0015324/?ref_=chttp_i_204,N/A,Um projecionista de cinema deseja ser um detetive e coloca suas magras habilidades em prática quando um rival o incrimina por roubar o relógio de bolso do pai de sua namorada.,"Buster Keaton, Kathryn McGuire, Joe Keaton"
Mary e Max - Uma Amizade Diferente,2009,8.1,https://www.imdb.com/pt/title/tt0978762/?ref_=chttp_i_205,N/A,"Relata a estranha história de uma amizade entre dois amigos por correspondência: Mary, uma garota solitária de oito anos que vive nos subúrbios de Melbourne, e Max, um homem obeso de quarenta e quatro anos que vive em Nova York.","Toni Collette, Philip Seymour Hoffman, Eric Bana"
O Franco Atirador,1978,8.1,https://www.imdb.com/pt/title/tt0077416/?ref_=chttp_i_206,N/A,Um retrato detalhado das maneiras pelas quais a Guerra do Vietnã interrompeu a vida dos habitantes de uma pequena cidade industrial na Pensilvânia.,"Robert De Niro, Christopher Walken, John Cazale"
O Salário do Medo,1953,8.1,https://www.imdb.com/pt/title/tt0046268/?ref_=chttp_i_207,N/A,"Em uma aldeia da América do Sul, quatro homens são contratados para transportar uma remessa urgente de nitroglicerina, mas sem o equipamento de segurança.","Yves Montand, Charles Vanel, Peter van Eyck"
A General,1926,8.1,https://www.imdb.com/pt/title/tt0017925/?ref_=chttp_i_208,N/A,"Uns espiões roubam a amada locomotiva de um engenheiro, ele a persegue sozinho através das linhas inimigas.","Buster Keaton, Marion Mack, Glen Cavender"
A Mulher Faz o Homem,1939,8.1,https://www.imdb.com/pt/title/tt0031679/?ref_=chttp_i_209,N/A,"Um homem ingênuo é eleito para ocupar uma vaga no Senado dos Estados Unidos. Seus planos colidem rapidamente com a corrupção política, mas ele não desiste.","James Stewart, Jean Arthur, Claude Rains"
Sindicato de Ladrões,1954,8.1,https://www.imdb.com/pt/title/tt0047296/?ref_=chttp_i_210,N/A,"Um ex-pugilista de Nova Jersey, agora um operário portuário, luta para enfrentar seus chefes sindicais corruptos, incluindo seu irmão mais velho, enquanto começa a se conectar com a irmã de uma das vítimas do sindicato.","Marlon Brando, Karl Malden, Lee J. Cobb"
Logan,2017,8.1,https://www.imdb.com/pt/title/tt3315342/?ref_=chttp_i_211,N/A,"Em um futuro em que os mutantes estão quase extintos, um velho e cansado Logan leva uma vida tranquila. Mas quando Laura, uma garota mutante perseguida por cientistas, pede ajuda a ele, ele deve colocá-la em segurança.","Hugh Jackman, Patrick Stewart, Dafne Keen"
"Rocky, um Lutador",1976,8.1,https://www.imdb.com/pt/title/tt0075148/?ref_=chttp_i_212,N/A,Um boxer pouco conhecido tem uma grande oportunidade de enfrentar o campeão dos pesos pesados em uma partida em que ele esperaele espera estar à altura da tarefa e divulgar seu nome.,"Sylvester Stallone, Talia Shire, Burt Young"
Morangos Silvestres,1957,8.1,https://www.imdb.com/pt/title/tt0050986/?ref_=chttp_i_213,N/A,"Depois de viver uma vida marcada pela frieza, um professor idoso é forçado a confrontar o vazio de sua existência.","Victor Sjöström, Bibi Andersson, Ingrid Thulin"
Era uma Vez em Tóquio,1953,8.1,https://www.imdb.com/pt/title/tt0046438/?ref_=chttp_i_214,N/A,"Um casal de idosos viaja para Tóquio para visitar seus filhos, mas encontram indiferença, ingratidão e uma marcada diferença cultural. Quando os idosos voltam para casa, entramos em uma profunda reflexão sobre a mortalidade e a família.","Chishû Ryû, Chieko Higashiyama, Sô Yamamura"
O 3º Homem,1949,8.1,https://www.imdb.com/pt/title/tt0041959/?ref_=chttp_i_215,N/A,"O romancista Holly Martins viaja para sombria, Viena pós-guerra, apenas para ele mesmo investigar a misteriosa morte de um velho amigo, Harry Lime","Orson Welles, Joseph Cotten, Alida Valli"
Spotlight: Segredos Revelados,2015,8.1,https://www.imdb.com/pt/title/tt1895587/?ref_=chttp_i_216,N/A,A verdadeira historia de como o jornal Boston Globe revelou o escândalo de abuso sexual infantil dentro da igreja católica da cidade e que agitou a toda igreja católica no mundo.,"Mark Ruffalo, Michael Keaton, Rachel McAdams"
Piratas do Caribe: A Maldição do Pérola Negra,2003,8.1,https://www.imdb.com/pt/title/tt0325980/?ref_=chttp_i_217,N/A,"O ferreiro Will Turner se une ao excêntrico pirata ""Capitão"" Jack Sparrow para salvar Elizabeth Swann, a filha do governador e seu amor, dos ex-aliados piratas de Jack, que agora são mortos-vivos.","Johnny Depp, Geoffrey Rush, Orlando Bloom"
O Mistério da Lixeira,2024,8.4,https://www.imdb.com/pt/title/tt26548265/?ref_=chttp_i_218,N/A,"Um barbeiro busca vingança depois que sua casa é assaltada, dizendo enigmaticamente à polícia que sua ""lakshmi"" foi levada, deixando-os incertos se é uma pessoa ou um objeto. Sua busca para recuperar a elusiva ""lakshmi"" se desenrola.","Vijay Sethupathi, Anurag Kashyap, Mamta Mohandas"
O Exterminador do Futuro,1984,8.1,https://www.imdb.com/pt/title/tt0088247/?ref_=chttp_i_219,N/A,"Um assassino ciborgue do futuro tenta encontrar e matar Sarah Connor, uma garçonete que está destinada a ser a mãe de um homem que salvará a humanidade da extinção.","Arnold Schwarzenegger, Linda Hamilton, Michael Biehn"
O Grande Lebowski,1998,8.1,https://www.imdb.com/pt/title/tt0118715/?ref_=chttp_i_220,N/A,"Jeff The Dude Lebowski, foi confundido por um millonário do mesmo nome e procurará restituçao com a ajuda do seus amigos.","Jeff Bridges, John Goodman, Julianne Moore"
O Ódio,1995,8.1,https://www.imdb.com/pt/title/tt0113247/?ref_=chttp_i_221,N/A,24 horas na vida de três jovens nos subúrbios franceses no dia seguinte a uma rebelião violenta.,"Vincent Cassel, Hubert Koundé, Saïd Taghmaoui"
O Sétimo Selo,1957,8.1,https://www.imdb.com/pt/title/tt0050976/?ref_=chttp_i_222,N/A,"Um homem procura respostas sobre a vida, a morte e a existência de Deus enquanto joga xadrez contra a morte durante a Morte Negra.","Max von Sydow, Gunnar Björnstrand, Bengt Ekerot"
O Quarto de Jack,2015,8.1,https://www.imdb.com/pt/title/tt3170832/?ref_=chttp_i_223,N/A,"Um menino é mantido preso em um quarto com sua mãe desde seu nascimento, por isso sua visão do mundo é muito reduzida.","Brie Larson, Jacob Tremblay, Sean Bridgers"
Jai Bhim,2021,8.6,https://www.imdb.com/pt/title/tt15097216/?ref_=chttp_i_224,N/A,"Quando um homem tribal é preso por um caso de suposto roubo, sua esposa recorre a um advogado de direitos humanos para ajudá-lo a fazer justiça.","Suriya, Lijo Mol Jose, Manikandan K."
Hotel Ruanda,2004,8.1,https://www.imdb.com/pt/title/tt0395169/?ref_=chttp_i_225,N/A,Paul Rusesabagina era o gerente de um hotel que abrigava mais de mil refugiados tutsis durante sua luta contra a milícia hutu em Ruanda.,"Don Cheadle, Sophie Okonedo, Joaquin Phoenix"
Platoon,1986,8.1,https://www.imdb.com/pt/title/tt0091763/?ref_=chttp_i_226,N/A,"Um jovem recruta no Vietnã, se vê preso em uma batalha de vontades entre dois sargentos, um bom e outro mau. Um exame perspicaz da brutalidade da guerra e da dualidade do homem em conflito.","Charlie Sheen, Tom Berenger, Willem Dafoe"
Os Melhores Anos de Nossa Vida,1946,8.1,https://www.imdb.com/pt/title/tt0036868/?ref_=chttp_i_227,N/A,Três veteranos da Segunda Guerra Mundial voltam para casa na cidade pequena da América para descobrir que eles e suas famílias foram mudados irreparavelmente.,"Myrna Loy, Dana Andrews, Fredric March"
Antes do Pôr do Sol,2004,8.1,https://www.imdb.com/pt/title/tt0381681/?ref_=chttp_i_228,N/A,"Nove anos depois de se conhecer, o Jesse e a Celine se encontram novamente na França.","Ethan Hawke, Julie Delpy, Vernon Dobtcheff"
A Noviça Rebelde,1965,8.1,https://www.imdb.com/pt/title/tt0059742/?ref_=chttp_i_229,N/A,Uma mulher deixa um convento austríaco para se tornar a instrutora dos filhos de um oficial da marinha viúvo.,"Julie Andrews, Christopher Plummer, Eleanor Parker"
O Exorcista,1973,8.1,https://www.imdb.com/pt/title/tt0070047/?ref_=chttp_i_230,N/A,"Quando uma adolescente é possuída por uma entidade misteriosa, sua mãe busca a ajuda de dois padres católicos para salvar sua vida.","Ellen Burstyn, Max von Sydow, Linda Blair"
Os Incríveis,2004,8.0,https://www.imdb.com/pt/title/tt0317705/?ref_=chttp_i_231,N/A,Uma familia de heróis encobertos tentando viver uma vida tranquila se vem obrigados a salvar o mundo.,"Craig T. Nelson, Samuel L. Jackson, Holly Hunter"
Sempre ao Seu Lado,2009,8.1,https://www.imdb.com/pt/title/tt1028532/?ref_=chttp_i_232,N/A,Um professor universitário se liga a um cachorro abandonado que ele leva para casa.,"Richard Gere, Joan Allen, Cary-Hiroyuki Tagawa"
Rush: No Limite da Emoção,2013,8.1,https://www.imdb.com/pt/title/tt1979320/?ref_=chttp_i_233,N/A,A história da rivalidade impiedosa nos anos 70 entre os rivais de Fórmula 1 James Hunt e Niki Lauda.,"Daniel Brühl, Chris Hemsworth, Olivia Wilde"
O Mágico de Oz,1939,8.1,https://www.imdb.com/pt/title/tt0032138/?ref_=chttp_i_234,N/A,A Dorothy Gale é levada por um tornado até a mágica cidade de Oz e vá numa viagem com novos amigos que la ajudar a voltar para casa.,"Judy Garland, Frank Morgan, Ray Bolger"
O Martírio de Joana D'Arc,1928,8.1,https://www.imdb.com/pt/title/tt0019254/?ref_=chttp_i_235,N/A,"Em 1431, Joana D'Arc é julgada sob acusações de heresia. Os advogados da Igreja tentam forçar Jeanne a retractar suas reivindicações de visões sagradas.","Maria Falconetti, Eugene Silvain, André Berley"
Conta Comigo,1986,8.1,https://www.imdb.com/pt/title/tt0092005/?ref_=chttp_i_236,N/A,"Depois da morte de um de seus velhos amigos, um escritor relembra sua viagem com os amigos de infância para encontrar o corpo de um menino desaparecido.","Wil Wheaton, River Phoenix, Corey Feldman"
A Voz do Silêncio,2016,8.1,https://www.imdb.com/pt/title/tt5323662/?ref_=chttp_i_237,N/A,"Um jovem é excluído por seus colegas depois de intimidar uma menina surda ao ponto de mudar de escola. Anos depois, ele parte para o caminho da redenção.","Miyu Irino, Saori Hayami, Aoi Yûki"
O Gigante de Ferro,1999,8.1,https://www.imdb.com/pt/title/tt0129167/?ref_=chttp_i_238,N/A,"Um jovem faz amizade com um robô gigante do espaço, um paranóico agente do governo quer que seja destruído.","Eli Marienthal, Harry Connick Jr., Jennifer Aniston"
Meu Pai e Meu Filho,2005,8.2,https://www.imdb.com/pt/title/tt0476735/?ref_=chttp_i_239,N/A,A família de um jornalista de esquerda é separada após o golpe militar na Turquia em 1980.,"Çetin Tekindor, Fikret Kuskan, Hümeyra"
Rede de Intrigas,1976,8.1,https://www.imdb.com/pt/title/tt0074958/?ref_=chttp_i_240,N/A,Uma rede de televisão explora os delírios e revelações de um homem perturbado.,"Faye Dunaway, William Holden, Peter Finch"
A Criada,2016,8.1,https://www.imdb.com/pt/title/tt4016934/?ref_=chttp_i_241,N/A,"Uma mulher é contratada como criada de uma herdeira japonesa, mas secretamente esta envolvida em um plano para defraudá-la.","Kim Min-hee, Ha Jung-woo, Cho Jin-woong"
A Batalha de Argel,1966,8.1,https://www.imdb.com/pt/title/tt0058946/?ref_=chttp_i_242,N/A,"Nos anos 1950, o medo e a violência aumentam à medida que o povo da Argélia luta pela independência do governo francês.","Brahim Hadjadj, Jean Martin, Yacef Saadi"
As Vinhas da Ira,1940,8.1,https://www.imdb.com/pt/title/tt0032551/?ref_=chttp_i_243,N/A,"Uma família pobre no Centro-Oeste é forçada a abandonar suas terras. Eles viajam para a Califórnia, sofrendo os infortúnios dos sem-teto na Grande Depressão.","Henry Fonda, Jane Darwell, John Carradine"
Ser ou Não Ser,1942,8.1,https://www.imdb.com/pt/title/tt0035446/?ref_=chttp_i_244,N/A,"Durante a ocupação nazista da Polônia, uma trupe de atuação se envolve nos esforços de um soldado polonês para rastrear um espião alemão.","Carole Lombard, Jack Benny, Robert Stack"
Na Natureza Selvagem,2007,8.0,https://www.imdb.com/pt/title/tt0758758/?ref_=chttp_i_245,N/A,"Depois de terminar a universidade, Christopher McCandless deixa pra trás suas posses e vai para o Alasca viver na natureza.","Emile Hirsch, Vince Vaughn, Catherine Keener"
Histórias Cruzadas,2011,8.1,https://www.imdb.com/pt/title/tt1454029/?ref_=chttp_i_246,N/A,Uma aspirante a escritora durante o movimento dos direitos civis nos anos 60 nos Estados Unidos decide escrever um livro sobre as experiências das criadas negras que trabalhavam para as famílias brancas.,"Viola Davis, Emma Stone, Octavia Spencer"
Feitiço do Tempo,1993,8.0,https://www.imdb.com/pt/title/tt0107048/?ref_=chttp_i_247,N/A,Um homem vive o mesmo dia uma e outra vez.,"Bill Murray, Andie MacDowell, Chris Elliott"
A Chantagem,2015,8.2,https://www.imdb.com/pt/title/tt4430212/?ref_=chttp_i_248,N/A,Um homem toma medidas desesperadas para tentar salvar sua família do lado negro da lei depois que eles cometem um crime inesperado.,"Ajay Devgn, Shriya Saran, Tabu"
Demon Slayer: Mugen Train - O Filme,2020,8.2,https://www.imdb.com/pt/title/tt11032374/?ref_=chttp_i_249,N/A,"Tanjiro, Inosuke e Zenitsu são enviados pelo comando do Esquadrão de Exterminadores para uma missão no Trem Infinito, onde devem se encontrar com o Pilar das Chamas, Rengoku, e impedir um oni que está fazendo inúmeras vítimas.","Natsuki Hanae, Akari Kitô, Yoshitsugu Matsuoka"
Gangues de Wasseypur,2012,8.2,https://www.imdb.com/pt/title/tt1954470/?ref_=chttp_i_250,N/A,Um confronto entre Sultão e Shahid Khan leva à expulsão de Khan de Wasseypur e acende uma rivalidade mortal que se estende por três gerações.,"Manoj Bajpayee, Nawazuddin Siddiqui, Tigmanshu Dhulia"
